mean_fit_time,std_fit_time,mean_score_time,std_score_time,param_criterion,param_min_samples_split,param_n_estimators,params,split0_test_score,split1_test_score,split2_test_score,split3_test_score,split4_test_score,mean_test_score,std_test_score,rank_test_score,split0_train_score,split1_train_score,split2_train_score,split3_train_score,split4_train_score,mean_train_score,std_train_score,data_set
0.8829615592956543,0.14620810622809444,0.012480020523071287,0.0062400102622188576,gini,0.1,10,"{'criterion': 'gini', 'min_samples_split': 0.1, 'n_estimators': 10}",0.5976759482569612,0.5875904406928305,0.590221442666082,0.5910984433238325,0.587938596491228,0.5909049742861869,0.003636929045802996,22,0.6049443622211259,0.589102669517075,0.5988598366496738,0.6016554294798004,0.6038697654023241,0.5996864126539998,0.00568721984465116,database_25
9.45461654663086,3.206069379687246,0.08736019134521485,0.012480103970342585,gini,0.1,100,"{'criterion': 'gini', 'min_samples_split': 0.1, 'n_estimators': 100}",0.5869326901995177,0.5932909449682088,0.5845209383907038,0.5886866915150186,0.5975877192982456,0.590203796874339,0.004676524816786886,24,0.5973250013703887,0.5978731568272763,0.5973798169160774,0.6008331962944691,0.6039245779434335,0.599467149870329,0.0025776470176813275,database_25
100.19061613082886,28.285678886500683,0.9609616279602052,0.32746680010542495,gini,0.1,1000,"{'criterion': 'gini', 'min_samples_split': 0.1, 'n_estimators': 1000}",0.5928524446393335,0.6011839508879632,0.5864941898706424,0.5875904406928305,0.5927631578947369,0.5921768367971014,0.005201073503573737,21,0.5995724387436276,0.5995176231979389,0.5970509236419449,0.6010524584772241,0.6014580135935101,0.5997302915308491,0.0015480508109386908,database_25
1.8630433559417725,0.677611284053231,0.012479972839355471,0.006239986421499643,gini,0.01,10,"{'criterion': 'gini', 'min_samples_split': 0.01, 'n_estimators': 10}",0.6331944748958561,0.6292479719359789,0.6202587151940364,0.6274939706204781,0.6300438596491228,0.6280477984590944,0.004310208774027214,14,0.7258126404648358,0.7105739187633613,0.7189058817080524,0.7238940963657293,0.7314185485639114,0.722121017173178,0.007026927636703578,database_25
14.35202522277832,2.8589875335553447,0.09672021865844728,0.0062400102622188576,gini,0.01,100,"{'criterion': 'gini', 'min_samples_split': 0.01, 'n_estimators': 100}",0.6428414821311116,0.63560622670467,0.6430607322955493,0.6375794781846086,0.6342105263157894,0.6386596891263457,0.003664481187452683,12,0.7491640629282464,0.7391328180672039,0.7449432659102121,0.7451077125472784,0.7466564349923263,0.7450008588890535,0.003302176186942837,database_25
142.11624956130981,28.51330840518917,0.9110416889190672,0.044780562719458634,gini,0.01,1000,"{'criterion': 'gini', 'min_samples_split': 0.01, 'n_estimators': 1000}",0.6448147336110502,0.6432799824599869,0.6406489804867354,0.6371409778557334,0.6379385964912281,0.6407646541809469,0.0029617910905581552,11,0.749712218385134,0.7446691881817683,0.7437373239050594,0.7475195965575837,0.7479719359789521,0.7467220526016994,0.00220282699955708,database_25
1.7128830909729005,0.042321886028498235,0.018720006942749026,0.006239962580324958,gini,0.001,10,"{'criterion': 'gini', 'min_samples_split': 0.001, 'n_estimators': 10}",0.6231089673317255,0.6022802017101513,0.6274939706204781,0.6042534531900899,0.6013157894736842,0.6116904764652258,0.011239475766394023,16,0.9355369182700214,0.9372362001863728,0.936523598092419,0.9391547442854794,0.9344990133742601,0.9365900948417104,0.0015799432456997649,database_25
16.632749223709105,0.2487016893751733,0.14352025985717773,0.00624005794775656,gini,0.001,100,"{'criterion': 'gini', 'min_samples_split': 0.001, 'n_estimators': 100}",0.6588467441350581,0.6546809910107433,0.6535847401885552,0.6505152378864284,0.6515350877192982,0.6538325601880166,0.0029053845619809874,8,0.9924902702406404,0.9931480567889054,0.9927095324233952,0.9922161925121964,0.9918329313746984,0.9924793966679673,0.0004443829116557347,database_25
165.80021128654482,2.0335016527014598,1.4632825374603269,0.07978921596816717,gini,0.001,1000,"{'criterion': 'gini', 'min_samples_split': 0.001, 'n_estimators': 1000}",0.6671782503836878,0.6691515018636264,0.6638894979171235,0.6632317474238105,0.656359649122807,0.6639621293422111,0.0043728585679511075,4,0.9945184454311242,0.9941895521569916,0.9941347366113028,0.9938606588828592,0.994737996053497,0.9942882778271548,0.00030705153751654627,database_25
2.7331247329711914,0.8436947192654969,0.02183995246887207,0.012479972841177377,gini,0.0001,10,"{'criterion': 'gini', 'min_samples_split': 0.0001, 'n_estimators': 10}",0.6071037053277789,0.5981144485858364,0.6016224512168384,0.5869326901995177,0.5947368421052631,0.5977020274870469,0.006763169516811842,17,0.99117469714411,0.9899687551389574,0.98942059968207,0.9895302307734474,0.989201929401447,0.9898592424280064,0.0007035809386648273,database_25
18.13347187042236,0.5752668639447096,0.15600028038024902,0.017088906603316127,gini,0.0001,100,"{'criterion': 'gini', 'min_samples_split': 0.0001, 'n_estimators': 100}",0.6608199956149967,0.6584082438061829,0.6671782503836878,0.6549002411751809,0.6508771929824562,0.6584367847925009,0.005509052517193293,5,1.0,1.0,1.0,1.0,1.0,1.0,0.0,database_25
238.19993829727173,78.15801385145825,2.130963754653931,0.6486761166184036,gini,0.0001,1000,"{'criterion': 'gini', 'min_samples_split': 0.0001, 'n_estimators': 1000}",0.6689322516991888,0.6656434992326244,0.6706862530146898,0.6669590002192501,0.6598684210526315,0.6664178850436769,0.003696727266161604,2,1.0,1.0,1.0,1.0,1.0,1.0,0.0,database_25
1.3509623527526855,0.07616895026580897,0.009359931945800782,0.0076423524319583986,entropy,0.1,10,"{'criterion': 'entropy', 'min_samples_split': 0.1, 'n_estimators': 10}",0.5913176934882701,0.5992106994080245,0.5897829423372067,0.5810129357597018,0.5905701754385965,0.59037888928636,0.00577918769337739,23,0.6058762264978348,0.6049443622211259,0.6029161870306419,0.6012717206599791,0.5974018855514142,0.6024820763921992,0.0030014949097622234,database_25
13.4503436088562,0.22136640193357654,0.06240010261535645,1.5078914929239175e-07,entropy,0.1,100,"{'criterion': 'entropy', 'min_samples_split': 0.1, 'n_estimators': 100}",0.5939486954615216,0.5970181977636483,0.5882481911861434,0.5893444420083315,0.5956140350877193,0.5928347123014728,0.003455005264939621,20,0.6018198761168667,0.6023680315737543,0.6004494874746478,0.6016554294798004,0.6016772637579478,0.6015940176806034,0.0006278152994059003,database_25
133.67663478851318,2.887733232311864,0.648961067199707,0.037699135835432766,entropy,0.1,1000,"{'criterion': 'entropy', 'min_samples_split': 0.1, 'n_estimators': 1000}",0.5943871957903969,0.5989914492435869,0.5891251918438939,0.5900021925016444,0.5945175438596492,0.5934047146478343,0.003558278625355173,19,0.6026969248478868,0.6011620895686016,0.5989694677410513,0.6018746916625555,0.6022802017101513,0.6013966751060493,0.0013150007183784119,database_25
2.439844274520874,0.1226761581635352,0.012480020523071287,0.00624001026404076,entropy,0.01,10,"{'criterion': 'entropy', 'min_samples_split': 0.01, 'n_estimators': 10}",0.6314404735803552,0.6430607322955493,0.6362639771979829,0.6209164656873493,0.6107456140350878,0.6284854525592649,0.011433877796375828,13,0.7261415337389684,0.7320067971276654,0.7273474757441211,0.7258126404648358,0.725553606665205,0.7273724107481591,0.002397254626010461,database_25
23.77444181442261,0.2378173321839695,0.09360013008117676,1.1680077279964347e-07,entropy,0.01,100,"{'criterion': 'entropy', 'min_samples_split': 0.01, 'n_estimators': 100}",0.6467879850909888,0.6380179785134839,0.6478842359131769,0.6351677263757948,0.6396929824561404,0.6415101816699169,0.004984139072573871,10,0.7553034040453873,0.7538233843117909,0.7565093460505401,0.7534944910376583,0.7643060732295549,0.7566873397349863,0.003959509648327424,database_25
238.0158579826355,2.2430343910452275,0.8424015045166016,0.009866435616499776,entropy,0.01,1000,"{'criterion': 'entropy', 'min_samples_split': 0.01, 'n_estimators': 1000}",0.6474457355843017,0.6467879850909888,0.6467879850909888,0.6463494847621136,0.6403508771929824,0.6455444135442752,0.0026202643142046933,9,0.7608397741599517,0.7574960258729375,0.757167132598805,0.762593871621992,0.7604691953518965,0.7597131999211165,0.0020754415253074862,database_25
3.20112566947937,0.05528660890208022,0.015599966049194338,1.5078914929239175e-07,entropy,0.001,10,"{'criterion': 'entropy', 'min_samples_split': 0.001, 'n_estimators': 10}",0.6149967112475334,0.614119710589783,0.6178469633852225,0.6182854637140978,0.6160087719298246,0.6162515241732922,0.0016037736510998901,15,0.9374006468234392,0.936523598092419,0.9416214438414734,0.9363591514553528,0.9380070160052622,0.9379823712435892,0.0019154488573410536,database_25
32.02061624526978,0.3834689095213116,0.12792019844055175,0.006239986419677735,entropy,0.001,100,"{'criterion': 'entropy', 'min_samples_split': 0.001, 'n_estimators': 100}",0.6592852444639333,0.6570927428195571,0.6621354966016224,0.6566542424906818,0.6526315789473685,0.6575598610646326,0.003138142683998266,6,0.9941347366113028,0.9935865811544152,0.9932576878802828,0.9929836101518392,0.9930388072791054,0.9934002846153892,0.00042396779048396987,database_25
317.86615815162656,4.087885948109886,1.2792023181915284,0.08657655575623241,entropy,0.001,1000,"{'criterion': 'entropy', 'min_samples_split': 0.001, 'n_estimators': 1000}",0.6700285025213769,0.6673975005481254,0.6638894979171235,0.6652049989037492,0.656140350877193,0.6645321701535135,0.004684189250346404,3,0.994792523159568,0.9953406786164556,0.995231047525078,0.9949569697966344,0.9949572462179348,0.995055693063134,0.00020033093407994208,database_25
6.664331722259521,0.10366682767602757,0.03120002746582031,0.01973256965562279,entropy,0.0001,10,"{'criterion': 'entropy', 'min_samples_split': 0.0001, 'n_estimators': 10}",0.5959219469414602,0.5915369436527077,0.6040342030256522,0.5900021925016444,0.5969298245614035,0.5956850221365736,0.004915599571294015,18,0.9892013374993148,0.9894754152277586,0.9900235706846462,0.9888724442251824,0.9915588686691515,0.9898263272612108,0.0009449072972982221,database_25
47.074642753601076,17.196364125675544,0.18096022605895995,0.04793043449518475,entropy,0.0001,100,"{'criterion': 'entropy', 'min_samples_split': 0.0001, 'n_estimators': 100}",0.6549002411751809,0.6634509975882482,0.6546809910107433,0.6555579916684937,0.6541666666666667,0.6565513776218665,0.0034785921092690447,7,1.0,1.0,1.0,1.0,1.0,1.0,0.0,database_25
284.4134596347809,2.1194138443945105,1.1824820995330811,0.11814892265079928,entropy,0.0001,1000,"{'criterion': 'entropy', 'min_samples_split': 0.0001, 'n_estimators': 1000}",0.6713440035080026,0.668274501205876,0.6717825038368779,0.6673975005481254,0.6616228070175438,0.6680842632232851,0.0036485926086797437,1,1.0,1.0,1.0,1.0,1.0,1.0,0.0,database_25
0.7394412517547607,0.07488019466405839,0.01248011589050293,0.006240057945934673,gini,0.1,10,"{'criterion': 'gini', 'min_samples_split': 0.1, 'n_estimators': 10}",0.5835145715528489,0.5852544584602001,0.5993910395824271,0.5841670291431057,0.5867768595041323,0.5878207916485428,0.005889652104597898,24,0.6026533275337103,0.5945519791213572,0.605045672031318,0.5952588081774685,0.5942257503262288,0.5983471074380166,0.004568161004795762,database_30
7.456813049316406,0.1133554156675776,0.08112015724182127,0.011673983872827169,gini,0.1,100,"{'criterion': 'gini', 'min_samples_split': 0.1, 'n_estimators': 100}",0.5772074815137016,0.5893866898651587,0.5941713788603741,0.5948238364506307,0.5911265767725098,0.5893431926924749,0.0063844604199769645,23,0.5969443236189648,0.5960743801652892,0.6006415832970857,0.5975424097433667,0.5984123531970422,0.5979230100043497,0.001558859415705916,database_30
102.33929977416992,35.419059363435466,0.8829616069793701,0.2969091040024325,gini,0.1,1000,"{'criterion': 'gini', 'min_samples_split': 0.1, 'n_estimators': 1000}",0.5839495432796868,0.5935189212701174,0.5941713788603741,0.5933014354066986,0.5893866898651587,0.590865593736407,0.003845012288927271,22,0.5993366681165724,0.5989016963897347,0.601348412353197,0.5974880382775121,0.5974880382775121,0.5989125706829056,0.0014263160010499804,database_30
1.8158432006835936,0.6332610570802659,0.021840047836303708,0.021161006289396243,gini,0.01,10,"{'criterion': 'gini', 'min_samples_split': 0.01, 'n_estimators': 10}",0.6202696824706394,0.6265767725097868,0.6278816876903002,0.6230969986950848,0.6146150500217485,0.6224880382775121,0.004755735084331157,14,0.7145498042627231,0.7141692040017399,0.7162353197042193,0.7178664636798608,0.7161809482383645,0.7158003479773816,0.001328712256990519,database_30
14.604745578765867,4.743100021053103,0.11232023239135742,0.037440156936797336,gini,0.01,100,"{'criterion': 'gini', 'min_samples_split': 0.01, 'n_estimators': 100}",0.6420182688125272,0.6389734667246629,0.6389734667246629,0.6446280991735537,0.6422357546759461,0.6413658112222705,0.002157389607244385,11,0.7424423662461941,0.7440191387559809,0.7379295345802522,0.7535885167464115,0.7453240539364941,0.7446607220530665,0.0051144333739182955,database_30
121.7363739013672,0.8558488219990915,0.9110414505004882,0.03212246286329392,gini,0.01,1000,"{'criterion': 'gini', 'min_samples_split': 0.01, 'n_estimators': 1000}",0.6363636363636364,0.6461505002174859,0.6376685515441496,0.6422357546759461,0.6424532405393649,0.6409743366681167,0.003542817345680264,12,0.7458133971291866,0.7486407133536321,0.7375489343192693,0.7509786863853849,0.7434210526315791,0.7452805567638103,0.0046320404486592855,database_30
1.6130428314208984,0.035022002593404974,0.015600013732910156,9.5367431640625e-08,gini,0.001,10,"{'criterion': 'gini', 'min_samples_split': 0.001, 'n_estimators': 10}",0.6128751631143976,0.6252718573292736,0.6091779034362766,0.6198347107438017,0.6078729882557634,0.6150065245759027,0.006604412232878135,16,0.9391583297085688,0.9331230969986952,0.9330687255328404,0.9349173553719008,0.9361678990865594,0.9352870813397128,0.002258452206351073,database_30
22.164518928527837,7.560252869382715,0.19032039642333984,0.06193032034320886,gini,0.001,100,"{'criterion': 'gini', 'min_samples_split': 0.001, 'n_estimators': 100}",0.6520226185297956,0.6546324488908221,0.6537625054371465,0.6670291431056982,0.6548499347542409,0.6564593301435406,0.005377840981772973,8,0.9902131361461504,0.9914636798608092,0.9922248803827752,0.9903762505437148,0.9919530230535016,0.9912461939973902,0.0008159343837452841,database_30
174.1961459159851,22.446980386809262,1.410242509841919,0.06363587285329123,gini,0.001,1000,"{'criterion': 'gini', 'min_samples_split': 0.001, 'n_estimators': 1000}",0.6607220530665506,0.665506742061766,0.6659417137886038,0.6661591996520226,0.6600695954762941,0.6636798608090475,0.002697526182464326,4,0.9936929099608526,0.9940191387559808,0.9944541104828186,0.9944541104828186,0.994562853414528,0.9942366246194,0.00032983364262946426,database_30
1.6754429817199707,0.04139161014833743,0.0187199592590332,0.006239986421499643,gini,0.0001,10,"{'criterion': 'gini', 'min_samples_split': 0.0001, 'n_estimators': 10}",0.5876468029578077,0.5909090909090909,0.6004784688995215,0.597868638538495,0.6093953892996955,0.5972596781209221,0.007625539450004414,18,0.9902131361461504,0.9899412788168768,0.990484993475424,0.9899956502827316,0.9899956502827316,0.990126141800783,0.0002022735454299433,database_30
20.10843544006348,6.6332738875007315,0.18096022605895995,0.04255133497452363,gini,0.0001,100,"{'criterion': 'gini', 'min_samples_split': 0.0001, 'n_estimators': 100}",0.6498477598956068,0.6598521096128752,0.6550674206176599,0.6591996520226185,0.6763810352327099,0.6600695954762941,0.008903649191152102,5,1.0,1.0,0.9999456285341451,1.0,1.0,0.9999891257068292,2.174858634189647e-05,database_30
192.91929883956908,54.00009415393637,1.556882810592651,0.052579244072919695,gini,0.0001,1000,"{'criterion': 'gini', 'min_samples_split': 0.0001, 'n_estimators': 1000}",0.667246628969117,0.6665941713788603,0.6683340582862114,0.6722488038277512,0.6755110917790343,0.6699869508481948,0.0033877568470849504,2,1.0,1.0,1.0,1.0,1.0,1.0,0.0,database_30
1.2636021614074706,0.026103906996260143,0.0093599796295166,0.0076423913650534685,entropy,0.1,10,"{'criterion': 'entropy', 'min_samples_split': 0.1, 'n_estimators': 10}",0.578294910830796,0.5950413223140496,0.5917790343627665,0.5967812092214007,0.5974336668116572,0.5918660287081339,0.007062901549226038,20,0.5974880382775121,0.6022727272727273,0.5986298390604611,0.6085798173118747,0.5994997825141366,0.6012940408873423,0.00397097860733149,database_30
14.064984798431395,3.494595737060808,0.06864008903503419,0.007642488701386109,entropy,0.1,100,"{'criterion': 'entropy', 'min_samples_split': 0.1, 'n_estimators': 100}",0.5835145715528489,0.5935189212701174,0.5948238364506307,0.5924314919530229,0.5919965202261853,0.5912570682905611,0.003992746669808775,21,0.6023814702044367,0.6004784688995215,0.6054262722923011,0.5992822966507177,0.6011852979556329,0.601750761200522,0.002094706148726119,database_30
129.53014755249023,9.76304207559648,0.7706413745880127,0.2405845062531716,entropy,0.1,1000,"{'criterion': 'entropy', 'min_samples_split': 0.1, 'n_estimators': 1000}",0.5839495432796868,0.5941713788603741,0.5950413223140496,0.5946063505872118,0.5919965202261853,0.5919530230535015,0.0041365788353088144,19,0.5991191822531535,0.598466724662897,0.6021639843410178,0.5988473249238799,0.5987385819921706,0.5994671596346237,0.0013645396540527346,database_30
2.286963987350464,0.08290062314451321,0.01248011589050293,0.006240057945934673,entropy,0.01,10,"{'criterion': 'entropy', 'min_samples_split': 0.01, 'n_estimators': 10}",0.6193997390169639,0.6307090039147455,0.6128751631143976,0.6300565463244889,0.6389734667246629,0.6264027838190518,0.009186454583800628,13,0.7226511526750761,0.727707698999565,0.7242822966507177,0.7365702479338843,0.7316224445411048,0.7285667681600696,0.005049396976644831,database_30
23.113000535964964,0.2957594164669005,0.08736028671264648,0.0076423913650534685,entropy,0.01,100,"{'criterion': 'entropy', 'min_samples_split': 0.01, 'n_estimators': 100}",0.6376685515441496,0.6389734667246629,0.6372335798173119,0.6509351892127012,0.6444106133101348,0.6418442801217921,0.005218573179438496,10,0.7552740321879078,0.7588625489343193,0.7497825141365811,0.7612548934319269,0.753697259678121,0.7557742496737712,0.004001001075964196,database_30
223.16775197982787,1.830531333456176,0.8486415386199951,0.007642449765811763,entropy,0.01,1000,"{'criterion': 'entropy', 'min_samples_split': 0.01, 'n_estimators': 1000}",0.6409308394954328,0.6444106133101348,0.6415832970856894,0.6457155284906481,0.6437581557198782,0.6432796868203565,0.0017796670330994817,9,0.7606024358416703,0.7596237494562853,0.7524467159634624,0.764136581122227,0.7578838625489344,0.7589386689865159,0.0038344182516580156,database_30
3.032645273208618,0.09895878053331347,0.015600109100341797,1.1680077279964342e-07,entropy,0.001,10,"{'criterion': 'entropy', 'min_samples_split': 0.001, 'n_estimators': 10}",0.6065680730752501,0.6180948238364506,0.6215745976511526,0.6215745976511526,0.6246193997390169,0.6184862983906046,0.006306940047113303,15,0.935297955632884,0.9361135276207048,0.9361135276207048,0.9347542409743368,0.939919530230535,0.9364397564158328,0.0018147367625357207,database_30
35.80518279075623,11.49650860645406,0.13728036880493166,0.033312541161167816,entropy,0.001,100,"{'criterion': 'entropy', 'min_samples_split': 0.001, 'n_estimators': 100}",0.649412788168769,0.6507177033492823,0.6561548499347543,0.6670291431056982,0.6626794258373205,0.6571987820791648,0.006788067927084809,6,0.9918986515876468,0.9924423662461941,0.9928773379730318,0.9921161374510656,0.9913549369290996,0.9921378860374076,0.0005119009263131868,database_30
298.394204044342,1.0364055697379408,1.2448822498321532,0.07073544138703718,entropy,0.001,1000,"{'criterion': 'entropy', 'min_samples_split': 0.001, 'n_estimators': 1000}",0.6622444541104828,0.6681165724227925,0.6726837755545889,0.6692040017398869,0.6668116572422792,0.6678120922140062,0.003398908150602218,3,0.9948347107438016,0.9951065680730752,0.995324053936494,0.9945084819486734,0.9952153110047848,0.9949978251413658,0.0002938072224033458,database_30
6.5520115852355945,0.2767849782341148,0.037439918518066405,0.027199579606586,entropy,0.0001,10,"{'criterion': 'entropy', 'min_samples_split': 0.0001, 'n_estimators': 10}",0.5969986950848195,0.6004784688995215,0.5993910395824271,0.6080904741191823,0.601348412353197,0.6012614180078295,0.003712834681665649,17,0.9902131361461504,0.989723792953458,0.9892888212266204,0.9904306220095692,0.9895063070900392,0.9898325358851676,0.00042812135026159046,database_30
51.21177000999451,24.773588994324662,0.2340003490447998,0.1188062213888948,entropy,0.0001,100,"{'criterion': 'entropy', 'min_samples_split': 0.0001, 'n_estimators': 100}",0.6498477598956068,0.6518051326663767,0.6570247933884298,0.6648542844715094,0.6598521096128752,0.6566768160069596,0.005430356787051971,7,1.0,1.0,1.0,1.0,1.0,1.0,0.0,database_30
267.5779099464416,1.7434829735719386,1.1419220924377442,0.03331240718140297,entropy,0.0001,1000,"{'criterion': 'entropy', 'min_samples_split': 0.0001, 'n_estimators': 1000}",0.6674641148325359,0.6689865158764681,0.6770334928229665,0.6731187472814267,0.6659417137886038,0.6705089169204002,0.0040454709085990205,1,1.0,1.0,1.0,1.0,1.0,1.0,0.0,database_30
0.4586409091949463,0.03769915951346848,0.0249600887298584,0.021160900830802132,gini,0.1,10,"{'criterion': 'gini', 'min_samples_split': 0.1, 'n_estimators': 10}",0.5871453387376955,0.5935147654892878,0.5975680370584829,0.5842501447596989,0.582513028372901,0.5889982628836132,0.005689921712351249,17,0.6120440069484655,0.6288361320208454,0.6281123335263462,0.6126230457440649,0.6146496815286624,0.6192530399536769,0.007582092390012615,database_1
3.350885820388794,0.10129214057453187,0.03432002067565918,0.006240057945934672,gini,0.1,100,"{'criterion': 'gini', 'min_samples_split': 0.1, 'n_estimators': 100}",0.5940938042848871,0.582513028372901,0.5900405327156919,0.5900405327156919,0.5877243775332948,0.5888824551244933,0.003788170754787757,18,0.6189924724956573,0.6178343949044586,0.6259409380428489,0.6108859293572669,0.6181239143022582,0.6183555298204979,0.004776280400069792,database_1
34.06421971321106,1.5866263615092129,0.3556807518005371,0.01819258756292788,gini,0.1,1000,"{'criterion': 'gini', 'min_samples_split': 0.1, 'n_estimators': 1000}",0.5964099594672843,0.5877243775332948,0.5952518818760857,0.5946728430804864,0.5871453387376955,0.5922408801389694,0.003968000393517471,16,0.6127678054429647,0.6142154024319629,0.6218876664736538,0.6124782860451651,0.6153734800231615,0.6153445280833816,0.003433460817689316,database_1
0.6458412647247315,0.16109630199684755,0.012479972839355471,0.006239986421499643,gini,0.01,10,"{'criterion': 'gini', 'min_samples_split': 0.01, 'n_estimators': 10}",0.5981470758540822,0.6050955414012739,0.5865662999420961,0.5935147654892878,0.5900405327156919,0.5946728430804864,0.006468669389122853,13,0.7986392588303416,0.8024030110017372,0.805877243775333,0.8057324840764332,0.8038506079907354,0.8033005211349161,0.002660429648560569,database_1
5.419449520111084,0.06662517164171188,0.043680095672607416,0.006240081787109375,gini,0.01,100,"{'criterion': 'gini', 'min_samples_split': 0.01, 'n_estimators': 100}",0.6270990156340475,0.6126230457440649,0.6155182397220614,0.6311522872032426,0.6201505500868558,0.6213086276780545,0.00693880818943609,9,0.8784018529241461,0.8711638679791546,0.8717429067747539,0.8705848291835553,0.8688477127967574,0.8721482339316735,0.0032734902200585113,database_1
54.42225565910339,0.6043152850229312,0.4274407863616944,0.0076423524319583986,gini,0.01,1000,"{'criterion': 'gini', 'min_samples_split': 0.01, 'n_estimators': 1000}",0.6334684423856398,0.6195715112912565,0.6160972785176607,0.6323103647944412,0.6108859293572669,0.6224667052692531,0.008955467251502579,5,0.8854950781702374,0.8846265199768385,0.8788361320208454,0.8937463810075275,0.8881007527504343,0.8861609727851766,0.004852884039318322,database_1
0.6801611900329589,0.0401985114982083,0.0062400341033935535,0.007642449765811761,gini,0.001,10,"{'criterion': 'gini', 'min_samples_split': 0.001, 'n_estimators': 10}",0.5738274464389114,0.5674580196873189,0.5651418645049219,0.5726693688477128,0.5622466705269253,0.5682686740011581,0.004403741364639593,22,0.9774174869716272,0.9777070063694268,0.9756803705848291,0.9755356108859292,0.9801679212507238,0.9773016792125072,0.001681706512039121,database_1
9.091696023941038,2.9342387146144384,0.07176008224487304,0.02893375528337293,gini,0.001,100,"{'criterion': 'gini', 'min_samples_split': 0.001, 'n_estimators': 100}",0.6276780544296467,0.6097278517660684,0.6114649681528662,0.6270990156340475,0.6317313259988421,0.6215402431962942,0.009093674779108545,7,1.0,1.0,1.0,1.0,1.0,1.0,0.0,database_1
81.23246259689331,26.00001926222963,0.9484817028045656,0.5635390556078005,gini,0.001,1000,"{'criterion': 'gini', 'min_samples_split': 0.001, 'n_estimators': 1000}",0.6398378691372322,0.6288361320208454,0.6132020845396642,0.6323103647944412,0.6218876664736538,0.6272148233931673,0.00908482161318131,4,1.0,1.0,1.0,1.0,1.0,1.0,0.0,database_1
1.0483218669891357,0.4662711976827054,0.0062400341033935535,0.007642449765811763,gini,0.0001,10,"{'criterion': 'gini', 'min_samples_split': 0.0001, 'n_estimators': 10}",0.5674580196873189,0.5489287782281412,0.5651418645049219,0.5500868558193399,0.5813549507817024,0.5625940938042848,0.012044006948465564,24,0.9905906195715112,0.9889982628836133,0.9878401852924146,0.9908801389693108,0.9891430225825132,0.9894904458598728,0.001116058787921035,database_1
9.419296550750733,5.290745564010273,0.09048018455505373,0.06424476130983887,gini,0.0001,100,"{'criterion': 'gini', 'min_samples_split': 0.0001, 'n_estimators': 100}",0.6242038216560509,0.61667631731326,0.6213086276780544,0.61667631731326,0.6120440069484655,0.6181818181818182,0.004201124990669843,10,1.0,1.0,1.0,1.0,1.0,1.0,0.0,database_1
68.18771977424622,1.6877759754061556,0.542880916595459,0.011673932896651614,gini,0.0001,1000,"{'criterion': 'gini', 'min_samples_split': 0.0001, 'n_estimators': 1000}",0.6438911407064273,0.6236247828604516,0.6224667052692531,0.6346265199768385,0.6236247828604516,0.6296467863346844,0.008387872130738522,3,1.0,1.0,1.0,1.0,1.0,1.0,0.0,database_1
0.7020011901855469,0.05919797284560147,0.0031200408935546874,0.006240081787109375,entropy,0.1,10,"{'criterion': 'entropy', 'min_samples_split': 0.1, 'n_estimators': 10}",0.6045165026056746,0.5946728430804864,0.5807759119861031,0.5697741748697163,0.5796178343949044,0.585871453387377,0.012241707309300964,20,0.6286913723219456,0.6305732484076433,0.6191372321945571,0.6139258830341633,0.6163867979154604,0.621742906774754,0.006675918050807597,database_1
6.7298518180847156,0.5555536672993909,0.031200122833251957,9.5367431640625e-08,entropy,0.1,100,"{'criterion': 'entropy', 'min_samples_split': 0.1, 'n_estimators': 100}",0.6004632310364795,0.5888824551244933,0.5917776491024899,0.5940938042848871,0.5964099594672843,0.5943254198031268,0.003954457690553306,14,0.6194267515923567,0.6210191082802548,0.6247828604516502,0.6198610306890562,0.6259409380428489,0.6222061378112332,0.002654120819077197,database_1
64.01627244949341,1.2387089489482763,0.3400806427001953,0.01819256302979416,entropy,0.1,1000,"{'criterion': 'entropy', 'min_samples_split': 0.1, 'n_estimators': 1000}",0.5969889982628837,0.5894614939200926,0.5952518818760857,0.5935147654892878,0.588303416328894,0.5927041111754487,0.0033283399798957666,15,0.6223219455703533,0.6214533873769542,0.6257961783439491,0.6178343949044586,0.6231905037637522,0.6221192819918935,0.002588892751141671,database_1
1.1388020038604736,0.04627718680953452,0.0062400341033935535,0.007642449765811761,entropy,0.01,10,"{'criterion': 'entropy', 'min_samples_split': 0.01, 'n_estimators': 10}",0.5836711059640995,0.5900405327156919,0.5888824551244933,0.5946728430804864,0.5796178343949044,0.5873769542559352,0.00522548427223092,19,0.8148523451071221,0.8068905616676317,0.8123914302258252,0.8129704690214244,0.8239722061378112,0.8142154024319629,0.0055521336539053065,database_1
11.306899929046633,0.1444666646118198,0.0436800479888916,0.006240057945934672,entropy,0.01,100,"{'criterion': 'entropy', 'min_samples_split': 0.01, 'n_estimators': 100}",0.6311522872032426,0.6120440069484655,0.6103068905616676,0.6323103647944412,0.5935147654892878,0.6158656629994209,0.014485694475385112,12,0.8814418066010423,0.8852055587724378,0.8828894035900405,0.8933121019108281,0.8908511870295308,0.8867400115807759,0.0045901380851433365,database_1
112.64779787063598,1.0177151072888055,0.4243207454681397,0.006239986421499643,entropy,0.01,1000,"{'criterion': 'entropy', 'min_samples_split': 0.01, 'n_estimators': 1000}",0.6270990156340475,0.6201505500868558,0.6184134337000579,0.6340474811812391,0.6103068905616676,0.6220034742327736,0.008051762962718548,6,0.9004053271569196,0.8980891719745223,0.8898378691372322,0.9051823972206138,0.8972206137811234,0.8981470758540823,0.004989990917274043,database_1
1.3852824211120605,0.03611667258942896,0.009360027313232424,0.007642430300627835,entropy,0.001,10,"{'criterion': 'entropy', 'min_samples_split': 0.001, 'n_estimators': 10}",0.5732484076433121,0.5784597568037059,0.5767226404169079,0.5801968731905037,0.5552982049797336,0.5727851766068326,0.009040425737706435,21,0.9800231615518241,0.9823393167342211,0.9813259988419224,0.9782860451650259,0.9820497973364216,0.9808048639258832,0.0014920786018210767,database_1
13.855944347381591,0.1738265167767204,0.05615997314453125,0.007642469234218758,entropy,0.001,100,"{'criterion': 'entropy', 'min_samples_split': 0.001, 'n_estimators': 100}",0.6386797915460336,0.6120440069484655,0.61667631731326,0.6276780544296467,0.6126230457440649,0.6215402431962941,0.010244896608961888,8,1.0,1.0,1.0,1.0,1.0,1.0,0.0,database_1
145.2986550807953,15.593729947457506,0.4867208957672119,0.03474296242575943,entropy,0.001,1000,"{'criterion': 'entropy', 'min_samples_split': 0.001, 'n_estimators': 1000}",0.6381007527504343,0.6270990156340475,0.6224667052692531,0.6386797915460336,0.6236247828604516,0.6299942096120439,0.00702524650288506,2,1.0,1.0,1.0,1.0,1.0,1.0,0.0,database_1
1.38216233253479,0.055462424370701216,0.009360074996948242,0.007642469232731191,entropy,0.0001,10,"{'criterion': 'entropy', 'min_samples_split': 0.0001, 'n_estimators': 10}",0.5674580196873189,0.5854082223508975,0.5697741748697163,0.5500868558193399,0.5593514765489288,0.5664157498552402,0.011744071647098746,23,0.9879849449913144,0.9889982628836133,0.9874059061957152,0.9892877822814128,0.9871163867979156,0.9881586566299942,0.0008559204110651329,database_1
13.743624114990235,0.1263506366570105,0.046800088882446286,9.5367431640625e-08,entropy,0.0001,100,"{'criterion': 'entropy', 'min_samples_split': 0.0001, 'n_estimators': 100}",0.6311522872032426,0.6184134337000579,0.609148812970469,0.6155182397220614,0.6103068905616676,0.6169079328314997,0.007885139330885546,11,1.0,1.0,1.0,1.0,1.0,1.0,0.0,database_1
120.68493194580078,5.0085602334939034,0.4399207592010498,0.02496008873008614,entropy,0.0001,1000,"{'criterion': 'entropy', 'min_samples_split': 0.0001, 'n_estimators': 1000}",0.6334684423856398,0.6305732484076433,0.6242038216560509,0.6392588303416329,0.6259409380428489,0.6306890561667631,0.005399672600752643,1,1.0,1.0,1.0,1.0,1.0,1.0,0.0,database_1
0.7831214904785156,0.2237720642491623,0.009360074996948242,0.007642469232731191,gini,0.1,10,"{'criterion': 'gini', 'min_samples_split': 0.1, 'n_estimators': 10}",0.5865883166263395,0.5952298651918424,0.5872796405115797,0.597303836847563,0.5975103734439834,0.5927824065242616,0.004846323157731812,16,0.6112695531933281,0.6079854809437386,0.6063434448189439,0.6047878316480857,0.6049083995852057,0.6070589420378605,0.002403432219145986,database_5
6.6674516677856435,2.249578077646792,0.05616006851196289,0.01871998310111885,gini,0.1,100,"{'criterion': 'gini', 'min_samples_split': 0.1, 'n_estimators': 100}",0.591081921880401,0.5831316972001382,0.5907362599377809,0.5914275838230211,0.5937067773167358,0.5900168480316154,0.003596192190877248,21,0.6015901823524328,0.6014173364445596,0.6002074150894477,0.6029729496154178,0.6000691323885239,0.6012514031780765,0.0010577053146177957,database_5
57.142900371551505,1.7525712347368778,0.4773607730865478,0.0253470092231777,gini,0.1,1000,"{'criterion': 'gini', 'min_samples_split': 0.1, 'n_estimators': 1000}",0.5924645696508815,0.5838230210853785,0.5903905979951607,0.5914275838230211,0.5954356846473029,0.590708291440349,0.0038329627758136595,19,0.6025408348457351,0.5962319592083657,0.5976147264713508,0.60115806758275,0.6024023505012098,0.5999895877218823,0.002586711012324248,database_5
1.4102425575256348,0.4984788236988919,0.02183995246887207,0.021160928953216918,gini,0.01,10,"{'criterion': 'gini', 'min_samples_split': 0.01, 'n_estimators': 10}",0.6066367092983063,0.61769789146215,0.596958174904943,0.6228828206014517,0.5999308437067773,0.6088212879947257,0.010010660560291193,13,0.7603491487339037,0.7507562008469449,0.7546452337740904,0.7569786535303776,0.750086415485655,0.7545631304741944,0.003843258777754596,database_5
11.235139846801758,3.6335327586884762,0.07176008224487304,0.01871995925964051,gini,0.01,100,"{'criterion': 'gini', 'min_samples_split': 0.01, 'n_estimators': 100}",0.6194262011752506,0.6256481161424127,0.6304873833390944,0.6239198064293121,0.6307053941908713,0.6260373802553882,0.004241137013468004,11,0.7918071039668135,0.7881773399014779,0.7920663728286232,0.7854118053755077,0.7857760110611821,0.7886477266267209,0.002849842358291698,database_5
113.35603914260864,38.09217560417943,0.7425611972808838,0.22338016356142007,gini,0.01,1000,"{'criterion': 'gini', 'min_samples_split': 0.01, 'n_estimators': 1000}",0.6253024541997926,0.6318700311095748,0.6332526788800553,0.6208088489457311,0.6331258644536653,0.6288719755177639,0.004980561472666264,9,0.7900786448880823,0.7923256416904331,0.7981159796041829,0.7870538415003024,0.7867265814033875,0.7908601378172777,0.004170847710397673,database_5
1.1949620723724366,0.025347038570832852,0.012480020523071287,0.00624001026404076,gini,0.001,10,"{'criterion': 'gini', 'min_samples_split': 0.001, 'n_estimators': 10}",0.5896992741099205,0.6111303145523678,0.5845143449706187,0.5841686830279986,0.5950899031811895,0.5929205039684191,0.009939192070972602,15,0.96577651024112,0.9641344741163252,0.9629245527612134,0.965171549563564,0.9641375734531628,0.9644289320270772,0.0009800204185443817,database_5
17.184990167617798,6.252031764041365,0.12480034828186035,0.038212132026500915,gini,0.001,100,"{'criterion': 'gini', 'min_samples_split': 0.001, 'n_estimators': 100}",0.6249567922571725,0.6325613549948149,0.6270307639128931,0.6239198064293121,0.640387275242047,0.629771198567248,0.00608955395773264,7,0.9991357704606344,0.9994814622763806,0.9989629245527611,0.9991357704606344,0.9992222606291048,0.999187637675903,0.00016935645750060246,database_5
120.58509182929993,1.0296679058242408,0.898561429977417,0.056333200239393935,gini,0.001,1000,"{'criterion': 'gini', 'min_samples_split': 0.001, 'n_estimators': 1000}",0.6401659177324577,0.6453508468717594,0.6380919460767369,0.6280677497407535,0.6455739972337483,0.6394500915310911,0.006391178381226323,4,0.9994814622763806,0.9994814622763806,0.999395039322444,0.9991357704606344,0.99965433805738,0.999429614478644,0.0001693616387771571,database_5
1.2261621475219726,0.04019838196373707,0.009360122680664062,0.007642508165826269,gini,0.0001,10,"{'criterion': 'gini', 'min_samples_split': 0.0001, 'n_estimators': 10}",0.549948150708607,0.5762184583477359,0.5661942620117525,0.5789837538886968,0.5719225449515906,0.5686534339816764,0.010301139147468084,24,0.9905798980209144,0.9894563996197391,0.9893699766658024,0.989629245527612,0.9872969236087108,0.9892664886885558,0.0010754161171910638,database_5
17.275470352172853,6.138808911717657,0.1216801643371582,0.042321678626181934,gini,0.0001,100,"{'criterion': 'gini', 'min_samples_split': 0.0001, 'n_estimators': 100}",0.6166609056342897,0.6239198064293121,0.6301417213964743,0.626339440027653,0.6355463347164592,0.6265216416408376,0.006302172974981793,10,1.0,1.0,1.0,1.0,1.0,1.0,0.0,database_5
124.12941794395445,0.8472983616613963,0.9984017848968506,0.07642440032059739,gini,0.0001,1000,"{'criterion': 'gini', 'min_samples_split': 0.0001, 'n_estimators': 1000}",0.6360179744210163,0.6477704804701002,0.64707915658486,0.6277220877981334,0.648686030428769,0.6414551459405758,0.008269925713151617,3,1.0,1.0,1.0,1.0,1.0,1.0,0.0,database_5
2.0436036586761475,0.12362461575031247,0.006239986419677736,0.0076423913650534685,entropy,0.1,10,"{'criterion': 'entropy', 'min_samples_split': 0.1, 'n_estimators': 10}",0.5793294158313169,0.5845143449706187,0.5935015554787418,0.5896992741099205,0.6026970954356846,0.5899483371652565,0.00796878901332457,22,0.6098003629764065,0.5954541526229367,0.6138622418114251,0.6035779102929738,0.6069823712409264,0.6059354077889337,0.006233509653306162,database_5
16.788749408721927,4.891183516265278,0.08424019813537598,0.035021938872953656,entropy,0.1,100,"{'criterion': 'entropy', 'min_samples_split': 0.1, 'n_estimators': 100}",0.5928102315935015,0.5872796405115797,0.5917732457656412,0.5921189077082614,0.5954356846473029,0.5918835420452573,0.002635903722843846,18,0.6108374384236454,0.5983925330567799,0.6030593725693544,0.6042692939244664,0.6046491531282406,0.6042415582204973,0.003981989372460489,database_5
102.83538060188292,1.1743826686201952,0.4461609363555909,0.012480092048986624,entropy,0.1,1000,"{'criterion': 'entropy', 'min_samples_split': 0.1, 'n_estimators': 1000}",0.5959211890770826,0.5858969927410992,0.5914275838230211,0.5931558935361216,0.5933609958506224,0.5919525310055893,0.003350439216138754,17,0.6052199464177686,0.6007259528130672,0.6015901823524328,0.604528562786276,0.6027480124438299,0.6029625313626749,0.0017017650208938856,database_5
3.7346465587615967,0.1083499600985314,0.015600061416625975,0.024167548162256608,entropy,0.01,10,"{'criterion': 'entropy', 'min_samples_split': 0.01, 'n_estimators': 10}",0.6031800898721049,0.6149325959211891,0.5948842032492223,0.6062910473556862,0.6196403872752421,0.607785664734689,0.008735055595513146,14,0.7701149425287356,0.7658802177858439,0.7746953590873736,0.7713248638838476,0.770394054614587,0.7704818875800775,0.002820697764284828,database_5
26.563726806640624,9.322372765248243,0.08736004829406738,0.03212248138914161,entropy,0.01,100,"{'criterion': 'entropy', 'min_samples_split': 0.01, 'n_estimators': 100}",0.6208088489457311,0.6266851019702729,0.6270307639128931,0.6173522295195301,0.6352005532503457,0.6254154995197546,0.006102553540286779,12,0.8038198945639962,0.8064125831820932,0.8092645406619998,0.7997580157289776,0.8079847908745247,0.8054479650023183,0.003375155095400791,database_5
216.6719006061554,55.612405781873655,0.5959210395812988,0.015284841131423072,entropy,0.01,1000,"{'criterion': 'entropy', 'min_samples_split': 0.01, 'n_estimators': 1000}",0.6253024541997926,0.626339440027653,0.6325613549948149,0.6225371586588316,0.6396957123098201,0.6292872240381825,0.006151223707282716,8,0.8079681963529514,0.811425114510414,0.8154869933454325,0.8068446979517759,0.8074662979605945,0.8098382600242336,0.0032407113830757125,database_5
3.578646278381348,1.2909284204474296,0.034320068359375,0.022927154628654196,entropy,0.001,10,"{'criterion': 'entropy', 'min_samples_split': 0.001, 'n_estimators': 10}",0.5699965433805738,0.5948842032492223,0.5886622882820601,0.5990321465606637,0.5978561549100968,0.5900862672765234,0.010668128439375358,20,0.9667271627344224,0.96577651024112,0.9643073200241984,0.9678506611355976,0.9669028689941236,0.9663129046258924,0.001199537523379197,database_5
29.10029106140137,9.670812094117585,0.09672017097473144,0.03744008541118565,entropy,0.001,100,"{'criterion': 'entropy', 'min_samples_split': 0.001, 'n_estimators': 100}",0.6377462841341168,0.6391289319045973,0.6311787072243346,0.6266851019702729,0.6483402489626556,0.6366158548391954,0.007392391643021774,5,0.9992221934145707,0.9995678852303173,0.9992221934145707,0.9992221934145707,0.9995679225717248,0.9993604776091508,0.0001693628585181033,database_5
259.3379755496979,35.727119220932444,0.7456813335418702,0.05439921937948377,entropy,0.001,1000,"{'criterion': 'entropy', 'min_samples_split': 0.001, 'n_estimators': 1000}",0.6356723124783962,0.6505357760110612,0.6450051849291393,0.6311787072243346,0.6497233748271093,0.6424230710940081,0.007717333584135941,2,0.9995678852303173,0.9997407311381904,0.999395039322444,0.999395039322444,0.9995679225717248,0.9995333235170241,0.00012934803042264555,database_5
2.496004343032837,0.06469788964800427,0.009360027313232424,0.007642430299140261,entropy,0.0001,10,"{'criterion': 'entropy', 'min_samples_split': 0.0001, 'n_estimators': 10}",0.5734531628067749,0.5820947113722779,0.5769097822329762,0.5769097822329762,0.572268326417704,0.5763271530125419,0.003425712658112934,23,0.9898885143894218,0.9904070521130413,0.9889378618961197,0.9891971307579293,0.988593155893536,0.9894047430100096,0.0006570255329749718,database_5
24.747883415222173,0.2663177139824839,0.09048023223876953,0.006239962578503042,entropy,0.0001,100,"{'criterion': 'entropy', 'min_samples_split': 0.0001, 'n_estimators': 100}",0.6287590736259938,0.6415485655029382,0.6270307639128931,0.6346353266505358,0.6372752420470262,0.6338497943478774,0.005367242192738759,6,1.0,1.0,1.0,1.0,1.0,1.0,0.0,database_5
224.33151397705083,6.709081220573436,0.6988812923431397,0.037440093358374615,entropy,0.0001,1000,"{'criterion': 'entropy', 'min_samples_split': 0.0001, 'n_estimators': 1000}",0.6370549602488766,0.6519184237815416,0.6460421707569997,0.6335983408226754,0.6538727524204703,0.6444973296061127,0.00799417968325773,1,1.0,1.0,1.0,1.0,1.0,1.0,0.0,database_5
0.8205613613128662,0.0305697941954693,0.015599966049194338,0.0,gini,0.1,10,"{'criterion': 'gini', 'min_samples_split': 0.1, 'n_estimators': 10}",0.5929085577179419,0.5769128232471341,0.5819781391628899,0.5899760063982938,0.5818666666666666,0.5847284386385854,0.005853017094072857,23,0.5990801839632074,0.5998800239952009,0.5939478770912484,0.5970139305472238,0.5931751532924553,0.5966194337778672,0.0026774110977981595,database_10
8.467694807052613,0.846516688123918,0.07800025939941406,0.01708903719058329,gini,0.1,100,"{'criterion': 'gini', 'min_samples_split': 0.1, 'n_estimators': 100}",0.5929085577179419,0.5899760063982938,0.5862436683551053,0.584377499333511,0.5888,0.5884611463609704,0.00295913745036812,22,0.5994801039792041,0.5998800239952009,0.6012130907151902,0.5932146903952543,0.5953745667821914,0.5978324951734082,0.0030232746555883885,database_10
130.0823884010315,81.7643655509763,0.8361615180969239,0.5190473811870759,gini,0.1,1000,"{'criterion': 'gini', 'min_samples_split': 0.1, 'n_estimators': 1000}",0.5934417488669688,0.5894428152492669,0.5889096241002401,0.5865102639296188,0.5874666666666667,0.5891542237625522,0.002381779087658991,20,0.5998800239952009,0.5996134106512031,0.5965473571952277,0.5948143704592415,0.5975073313782991,0.5976724987358345,0.0019027573582470036,database_10
1.2979222774505614,0.03871814746397495,0.006240081787109375,0.007642508165826269,gini,0.01,10,"{'criterion': 'gini', 'min_samples_split': 0.01, 'n_estimators': 10}",0.6099706744868035,0.6025059984004265,0.6033057851239669,0.6067715275926421,0.6197333333333334,0.6084574637874345,0.006232770728883052,14,0.7365193627941078,0.7347863760581217,0.7369859361461041,0.7347197227221223,0.7337376699546787,0.7353498135350269,0.00121311382932029,database_10
12.732742404937744,0.144129395107884,0.07800006866455078,1.5078914929239175e-07,gini,0.01,100,"{'criterion': 'gini', 'min_samples_split': 0.01, 'n_estimators': 100}",0.6262330045321247,0.628099173553719,0.6291655558517728,0.6267661956811517,0.6346666666666667,0.6289861192570869,0.003019774508684906,12,0.7521162434179831,0.760381257081917,0.7543158035059655,0.7479170832500167,0.7611970141295654,0.7551854802770895,0.005022763856518389,database_10
142.64353055953978,37.23601692896438,0.7831213951110841,0.03474290247583744,gini,0.01,1000,"{'criterion': 'gini', 'min_samples_split': 0.01, 'n_estimators': 1000}",0.628632364702746,0.6302319381498267,0.6312983204478806,0.632098107171421,0.6341333333333333,0.6312788127610415,0.0018395404510488207,10,0.7554489102179565,0.760114643737919,0.7643804572418851,0.7538492301539692,0.7629298853639029,0.7593446253431265,0.0041032325130058575,database_10
1.6660829067230225,0.0773106964592457,0.015600013732910156,1.7841612752790173e-07,gini,0.001,10,"{'criterion': 'gini', 'min_samples_split': 0.001, 'n_estimators': 10}",0.6030391895494535,0.5945081311650227,0.617168754998667,0.5990402559317516,0.5858666666666666,0.5999245996623123,0.010342216767747494,16,0.9522762114243818,0.9516763314003864,0.9484103179364128,0.9480103979204159,0.9518128499066916,0.9504372217176578,0.0018334362024907261,database_10
17.8495512008667,2.5964257129702966,0.1310403823852539,0.02116097816772893,gini,0.001,100,"{'criterion': 'gini', 'min_samples_split': 0.001, 'n_estimators': 100}",0.6414289522793921,0.6387629965342575,0.6342308717675287,0.6467608637696615,0.6376,0.639756736870168,0.00419591031634327,6,0.9972005598880224,0.9968672932080251,0.9970672532160234,0.9975338265680196,0.9974006931484938,0.9972139252057168,0.00023624740936309735,database_10
181.24735832214355,31.305536371938963,1.2261620998382567,0.1699186050786262,gini,0.001,1000,"{'criterion': 'gini', 'min_samples_split': 0.001, 'n_estimators': 1000}",0.6472940549186883,0.6475606504932018,0.6472940549186883,0.6483604372167422,0.6442666666666667,0.6469551728427975,0.0013999370505584216,4,0.998267013264014,0.9984669732720124,0.9986002799440112,0.9979337465840166,0.9986003732338044,0.9983736772595716,0.0002515393386763021,database_10
1.7846432685852052,0.06286632237522888,0.015600013732910156,1.7841612752790173e-07,gini,0.0001,10,"{'criterion': 'gini', 'min_samples_split': 0.0001, 'n_estimators': 10}",0.5643828312450013,0.5683817648627033,0.5771794188216476,0.5707811250333245,0.5653333333333334,0.5692116946592021,0.004582491286236189,24,0.990268612944078,0.9897353862560822,0.9878024395120976,0.9899353462640804,0.9912023460410556,0.9897888262034786,0.0011133992717359898,database_10
16.445548915863036,0.2575470136507385,0.13104019165039066,0.0076423913650534685,gini,0.0001,100,"{'criterion': 'gini', 'min_samples_split': 0.0001, 'n_estimators': 100}",0.6379632098107172,0.6414289522793921,0.6368968275126633,0.6360970407891229,0.6370666666666667,0.6378905394117125,0.0018659321293457796,8,1.0,1.0,1.0,1.0,1.0,1.0,0.0,database_10
175.92150902748108,12.036441733217494,1.1637620449066162,0.04793040655949268,gini,0.0001,1000,"{'criterion': 'gini', 'min_samples_split': 0.0001, 'n_estimators': 1000}",0.6462276726206345,0.6507597973873633,0.6475606504932018,0.6526259664089576,0.6437333333333334,0.6481814840486982,0.0031745859985093834,3,1.0,1.0,1.0,1.0,1.0,1.0,0.0,database_10
1.4882426738739014,0.2289752613877782,0.0093599796295166,0.007642391366541052,entropy,0.1,10,"{'criterion': 'entropy', 'min_samples_split': 0.1, 'n_estimators': 10}",0.5918421754198879,0.588376432951213,0.5806451612903226,0.5846440949080245,0.5994666666666667,0.5889949062472231,0.006431096600056565,21,0.6060121309071519,0.6026128107711791,0.6054122508831568,0.5934813037392521,0.6086376966142362,0.6032312385829952,0.005237626325564714,database_10
14.651545763015747,2.4793622073120973,0.05928006172180176,0.006239962578503043,entropy,0.1,100,"{'criterion': 'entropy', 'min_samples_split': 0.1, 'n_estimators': 100}",0.5910423886963476,0.5926419621434285,0.588376432951213,0.5822447347374033,0.5936,0.5895811037056785,0.00407257355709498,19,0.5999466773312004,0.6015463573951876,0.5980803839232154,0.5924815036992601,0.6033057851239669,0.5990721414945661,0.0037210317188236734,database_10
139.991525888443,9.425445209047176,0.5865610599517822,0.08112008571630012,entropy,0.1,1000,"{'criterion': 'entropy', 'min_samples_split': 0.1, 'n_estimators': 1000}",0.5931751532924553,0.5918421754198879,0.5878432418021861,0.5878432418021861,0.5898666666666667,0.5901140957966764,0.0021321870968367814,17,0.6000133306671999,0.6005465573551956,0.5996800639872025,0.5962807438512298,0.5997067448680352,0.5992454881457725,0.0015148389936380454,database_10
7.587853145599365,2.0864322602648566,0.009360122680664062,0.007642508165826269,entropy,0.01,10,"{'criterion': 'entropy', 'min_samples_split': 0.01, 'n_estimators': 10}",0.6123700346574247,0.6001066382298054,0.6097040789122901,0.6182351372967209,0.6144,0.6109631778192481,0.0061011829905663105,13,0.7397853762580817,0.7403186029460774,0.7473838565620209,0.7454509098180364,0.7464676086376966,0.7438812708443827,0.0031902968957087338,database_10
38.6069477558136,23.382042972350654,0.10920028686523438,0.043006346071163035,entropy,0.01,100,"{'criterion': 'entropy', 'min_samples_split': 0.01, 'n_estimators': 100}",0.6278325779792056,0.6366302319381498,0.6262330045321247,0.6254332178085844,0.6325333333333333,0.6297324731182796,0.004237059660289725,11,0.7651136439378791,0.7764447110577885,0.7719789375458241,0.766380057321869,0.7745267928552386,0.7708888285437199,0.004449106149352189,database_10
247.83139524459838,14.881957170262025,0.7644013881683349,0.022061885864512496,entropy,0.01,1000,"{'criterion': 'entropy', 'min_samples_split': 0.01, 'n_estimators': 1000}",0.6326312983204478,0.6272993868301786,0.6334310850439883,0.6318315115969075,0.6325333333333333,0.6315453230249711,0.0021827268804474552,9,0.7705792174898354,0.7787109244817703,0.7767113244017864,0.7681796973938546,0.7783257797920554,0.7745013887118605,0.004302956716051543,database_10
4.461607646942139,0.09202703916993897,0.02496023178100586,0.018720054626464845,entropy,0.001,10,"{'criterion': 'entropy', 'min_samples_split': 0.001, 'n_estimators': 10}",0.5977072780591842,0.6017062116768862,0.6017062116768862,0.6067715275926421,0.6096,0.6034982458011198,0.004192943071000056,15,0.9503432646803972,0.951009798040392,0.9509431447043925,0.9501433046723988,0.9536123700346574,0.9512103764264476,0.0012467351510672335,database_10
34.41678051948547,5.82639946744871,0.11544013023376465,0.021160992228352358,entropy,0.001,100,"{'criterion': 'entropy', 'min_samples_split': 0.001, 'n_estimators': 100}",0.6395627832577979,0.6440949080245268,0.638496400959744,0.6475606504932018,0.64,0.6419429485470541,0.003391413595558895,5,0.9973338665600212,0.9983336666000132,0.9980670532560154,0.9976671332400188,0.997800586510264,0.9978404612332664,0.0003414282437934978,database_10
342.20532107353216,42.24330539042473,1.0420818328857422,0.0873601521764804,entropy,0.001,1000,"{'criterion': 'entropy', 'min_samples_split': 0.001, 'n_estimators': 1000}",0.6472940549186883,0.646494268195148,0.6510263929618768,0.6502266062383364,0.6506666666666666,0.6491415977961432,0.0018696149280845308,2,0.998866893288009,0.9990668532960074,0.9986002799440112,0.9985336266080116,0.9987336710210609,0.99876026483142,0.0001913287190313585,database_10
4.1839273929595935,1.14765319595255,0.015599918365478516,1.7841612752790173e-07,entropy,0.0001,10,"{'criterion': 'entropy', 'min_samples_split': 0.0001, 'n_estimators': 10}",0.5961077046121034,0.5979738736336977,0.5838443081844842,0.5814449480138629,0.5893333333333334,0.5897408335554963,0.006512707283191307,18,0.9897353862560822,0.9890021995600881,0.9902019596080784,0.9912017596480704,0.9901359637430018,0.9900554537630641,0.0007146678426521524,database_10
46.051280927658084,16.21783835690939,0.15288028717041016,0.053496914756799116,entropy,0.0001,100,"{'criterion': 'entropy', 'min_samples_split': 0.0001, 'n_estimators': 100}",0.6387629965342575,0.6392961876832844,0.6403625699813383,0.6432951213009864,0.6330666666666667,0.6389567084333067,0.003335974681452055,7,1.0,1.0,1.0,1.0,1.0,1.0,0.0,database_10
298.8996450901032,13.441762235069985,0.9391216278076172,0.05164527300379111,entropy,0.0001,1000,"{'criterion': 'entropy', 'min_samples_split': 0.0001, 'n_estimators': 1000}",0.6430285257264731,0.6448946947480672,0.6544921354305518,0.6560917088776327,0.6528,0.6502614129565449,0.005281138312312281,1,1.0,1.0,1.0,1.0,1.0,1.0,0.0,database_10
0.7612812995910645,0.0679272836648086,0.003119993209838868,0.006239986419677736,gini,0.1,10,"{'criterion': 'gini', 'min_samples_split': 0.1, 'n_estimators': 10}",0.5884912959381045,0.5981624758220503,0.5927448609431679,0.5891172914147521,0.5821039903264813,0.5901239828889112,0.0052817751848468954,21,0.60431654676259,0.6072788827761321,0.5979929875468505,0.6005319792044492,0.6016201184862774,0.6023481029552598,0.003193200831468,database_15
9.253936290740967,3.2833280884783176,0.09360008239746094,0.03272287850898483,gini,0.1,100,"{'criterion': 'gini', 'min_samples_split': 0.1, 'n_estimators': 100}",0.5899419729206963,0.5952611218568665,0.5900846432889963,0.5958887545344619,0.5910519951632406,0.5924456975528523,0.002591018178693121,17,0.6014751224230699,0.5963968321141406,0.5958167089831943,0.5989602224640309,0.5985975093700883,0.5982492790709049,0.0020189961437039093,database_15
83.42270646095275,15.574074253795972,0.7300814151763916,0.077310698383449,gini,0.1,1000,"{'criterion': 'gini', 'min_samples_split': 0.1, 'n_estimators': 1000}",0.5882495164410058,0.5952611218568665,0.5920193470374849,0.5946795646916566,0.5845223700120921,0.5909463840078212,0.00405575889020631,20,0.6009914757269814,0.5959131854180522,0.5971466569943175,0.5982347962761456,0.5982952484584694,0.5981162725747933,0.0016796797787180526,database_15
1.790883207321167,0.6463308360122232,0.021840047836303708,0.021160900830802132,gini,0.01,10,"{'criterion': 'gini', 'min_samples_split': 0.01, 'n_estimators': 10}",0.6184719535783365,0.6204061895551257,0.618621523579202,0.6140266021765417,0.6176541717049577,0.6178360881188327,0.002105798274478388,13,0.7205731213348648,0.7231122664893296,0.726695683714182,0.7258493531616491,0.7169628823600532,0.7226386614120157,0.0035629537436713617,database_15
15.050906467437745,5.015183460659429,0.11232023239135742,0.037440037727469816,gini,0.01,100,"{'criterion': 'gini', 'min_samples_split': 0.01, 'n_estimators': 100}",0.6283849129593809,0.6387814313346228,0.6246674727932285,0.6282950423216445,0.6297460701330109,0.6299749859083776,0.004714363613105446,12,0.7387098724381839,0.7427604135179252,0.7546850441300931,0.7446499818643453,0.7363680328859872,0.7434346689673068,0.0063366173136711924,database_15
130.0667884349823,12.321677828111582,0.8143214225769043,0.024959993362654496,gini,0.01,1000,"{'criterion': 'gini', 'min_samples_split': 0.01, 'n_estimators': 1000}",0.6271760154738878,0.6378143133462283,0.6333736396614268,0.6282950423216445,0.6348246674727932,0.6322967356551961,0.004005724648566885,11,0.7424581343328699,0.7436672510730911,0.7517228871962278,0.74168782493048,0.7378793374440817,0.7434830869953502,0.0045520045393901325,database_15
1.6286428928375245,0.03769915951346848,0.018720006942749026,0.006239962578503043,gini,0.001,10,"{'criterion': 'gini', 'min_samples_split': 0.001, 'n_estimators': 10}",0.6058994197292069,0.5974371373307543,0.5951632406287787,0.6091898428053204,0.6031438935912938,0.6021667068170709,0.005208259689417142,16,0.9461338492231424,0.9469197751042864,0.9446258009914158,0.947346149195986,0.9432958529802926,0.9456642854990246,0.0015042162346826716,database_15
23.22220072746277,7.836169434588183,0.2464805126190185,0.12059543456720433,gini,0.001,100,"{'criterion': 'gini', 'min_samples_split': 0.001, 'n_estimators': 100}",0.6438588007736944,0.6576402321083172,0.6401451027811367,0.649093107617896,0.6428053204353084,0.6467085127432706,0.006190684935057597,7,0.9957680914092256,0.9966749289643916,0.9957683472373352,0.9963728690605732,0.9964937734252206,0.9962156020193492,0.0003777290250825914,database_15
255.64388890266414,145.8921220196341,1.9437634468078613,1.0502236725757503,gini,0.001,1000,"{'criterion': 'gini', 'min_samples_split': 0.001, 'n_estimators': 1000}",0.6499032882011605,0.6578820116054158,0.6447400241837968,0.6553808948004837,0.6597339782345828,0.653528039405088,0.005500397378606833,4,0.9970981198234691,0.9975213106825463,0.9976423648893724,0.99776326925402,0.9977028170716964,0.9975455763442208,0.0002376085150520915,database_15
3.4132860660552984,0.15767614748943265,0.04679999351501465,0.026103906996260143,gini,0.0001,10,"{'criterion': 'gini', 'min_samples_split': 0.0001, 'n_estimators': 10}",0.5836557059961315,0.5991295938104448,0.5799274486094317,0.5893591293833131,0.5787182587666264,0.5861580273131896,0.0074691428000811435,24,0.9900247868931744,0.9892993168490418,0.9904485551928424,0.9896022246403096,0.9899044855519284,0.9898558738254593,0.00038891117360254914,database_15
20.45787596702576,6.5673380728435875,0.16848020553588866,0.04345668910543495,gini,0.0001,100,"{'criterion': 'gini', 'min_samples_split': 0.0001, 'n_estimators': 100}",0.6380560928433269,0.6426499032882012,0.6382103990326481,0.6435308343409916,0.652720677146312,0.643033581330296,0.005334281092322759,8,1.0,1.0,1.0,1.0,1.0,1.0,0.0,database_15
174.3334261417389,10.688386432667572,1.3603224277496335,0.055286506646031235,gini,0.0001,1000,"{'criterion': 'gini', 'min_samples_split': 0.0001, 'n_estimators': 1000}",0.652321083172147,0.6706963249516441,0.649093107617896,0.6534461910519952,0.6575574365175333,0.6566228286622431,0.007539622396712478,1,1.0,1.0,1.0,1.0,1.0,1.0,0.0,database_15
1.2948022842407227,0.08313512472470301,0.0062400341033935535,0.007642449765811761,entropy,0.1,10,"{'criterion': 'entropy', 'min_samples_split': 0.1, 'n_estimators': 10}",0.589458413926499,0.5870406189555126,0.5840386940749698,0.5883917775090689,0.5874244256348247,0.587270786020175,0.0018201834042648327,22,0.6046792817846564,0.5965781996251738,0.5944263087897473,0.6085116672711884,0.5959376133478419,0.6000266141637216,0.005542893702952009,database_15
14.816905975341795,2.5251119367683432,0.08424015045166015,0.021160971137306268,entropy,0.1,100,"{'criterion': 'entropy', 'min_samples_split': 0.1, 'n_estimators': 100}",0.5877659574468085,0.5964700193423598,0.5932285368802902,0.592261185006046,0.5879081015719468,0.5915267600494903,0.0033199265723396648,19,0.6049815609697117,0.6000846381718155,0.5982952484584694,0.5985370571877645,0.599202031193326,0.6002201071962174,0.0024602443428487627,database_15
157.34187636375427,41.446781396995625,0.5865610122680665,0.012480103970342585,entropy,0.1,1000,"{'criterion': 'entropy', 'min_samples_split': 0.1, 'n_estimators': 1000}",0.5877659574468085,0.5947775628626693,0.5954050785973398,0.5939540507859734,0.5862152357920194,0.591623577096962,0.003842131503705122,18,0.6022005924672027,0.5982709630614836,0.5998670051988877,0.5993229355579737,0.5985975093700883,0.5996518011311271,0.0013906147937377427,database_15
3.1200055122375487,0.5584722751676019,0.015599918365478516,1.7841612752790173e-07,entropy,0.01,10,"{'criterion': 'entropy', 'min_samples_split': 0.01, 'n_estimators': 10}",0.6131528046421664,0.6300773694390716,0.6077388149939541,0.6123337363966143,0.6237001209189843,0.6174005692781581,0.008215246909202202,14,0.7332688471071882,0.7303669669306572,0.7376375287147866,0.7392092854552049,0.7387256679966147,0.7358416592408903,0.0034489180377839327,database_15
26.055165815353394,3.86333538873921,0.09672017097473144,0.015284850864185488,entropy,0.01,100,"{'criterion': 'entropy', 'min_samples_split': 0.01, 'n_estimators': 100}",0.6327369439071566,0.6375725338491296,0.6285368802902056,0.6304715840386941,0.6403869407496977,0.6339409765669767,0.0044142790638632655,10,0.7561211534973702,0.7600507829030893,0.7636319671140128,0.7626042800145085,0.7512392697376375,0.7587294906533237,0.004554139069799307,database_15
237.81929769515992,3.8472388519284557,0.8112014770507813,0.0295990052714312,entropy,0.01,1000,"{'criterion': 'entropy', 'min_samples_split': 0.01, 'n_estimators': 1000}",0.6322533849129593,0.6407156673114119,0.6336154776299879,0.6309552599758163,0.6372430471584039,0.6349565673977159,0.0035640258110041186,9,0.7605344295991778,0.7613203554803216,0.7676822633297062,0.7575262966993108,0.7542618788538267,0.7602650447924686,0.004466321127186675,database_15
3.3789659976959228,0.552831276060067,0.015600061416625975,1.9073486328125e-07,entropy,0.001,10,"{'criterion': 'entropy', 'min_samples_split': 0.001, 'n_estimators': 10}",0.6044487427466151,0.6179883945841392,0.5941958887545344,0.5995163240628779,0.6147521160822249,0.6061802932460784,0.00898821570021518,15,0.9455292908530318,0.9480684360074966,0.9485551928424616,0.9481924797485191,0.9464393664611293,0.9473569531825276,0.0011681100733480824,database_15
33.864539527893065,5.55639091146881,0.1310401439666748,0.01590897172021893,entropy,0.001,100,"{'criterion': 'entropy', 'min_samples_split': 0.001, 'n_estimators': 100}",0.6486943907156673,0.6617504835589942,0.6403869407496977,0.6447400241837968,0.6471584038694075,0.6485460486155127,0.007174420236333109,6,0.9968562964754248,0.9964935614533584,0.9966146777898682,0.9969169387014872,0.9980655301656388,0.9969894009171554,0.0005598742574064565,database_15
324.5304900169373,21.834444831665678,1.1512820243835449,0.08100006543571261,entropy,0.001,1000,"{'criterion': 'entropy', 'min_samples_split': 0.001, 'n_estimators': 1000}",0.6547388781431335,0.6610251450676983,0.6503022974607013,0.6536880290205562,0.6568319226118501,0.6553172544607878,0.0035500119211331273,3,0.9977026781935796,0.9979445015416238,0.9979446258009914,0.99776326925402,0.998307338894934,0.9979324827370298,0.00021083281329415345,database_15
3.241685581207276,0.06033794499484237,0.01872010231018066,0.006240153315188163,entropy,0.0001,10,"{'criterion': 'entropy', 'min_samples_split': 0.0001, 'n_estimators': 10}",0.5872823984526112,0.5855899419729207,0.5700120918984279,0.6016928657799274,0.5905683192261185,0.5870291234660012,0.010190839025696672,23,0.9909316244483404,0.9895411401970858,0.9909321726514329,0.9896022246403096,0.9899044855519284,0.9901823294978196,0.0006242676190940682,database_15
32.07053627967834,0.16432687093760548,0.13728036880493166,0.011674060337160059,entropy,0.0001,100,"{'criterion': 'entropy', 'min_samples_split': 0.0001, 'n_estimators': 100}",0.6508704061895552,0.6470019342359767,0.6590084643288996,0.6457073760580411,0.6544135429262394,0.6514003447477423,0.004878515947118943,5,1.0,1.0,1.0,1.0,1.0,1.0,0.0,database_15
278.05488843917846,3.9942284873254503,1.170002031326294,0.14865123006372735,entropy,0.0001,1000,"{'criterion': 'entropy', 'min_samples_split': 0.0001, 'n_estimators': 1000}",0.6520793036750484,0.6673114119922631,0.6454655380894799,0.6553808948004837,0.6582829504232165,0.6557040197960984,0.007203498055151008,2,1.0,1.0,1.0,1.0,1.0,1.0,0.0,database_15
0.8330414295196533,0.07616905183224837,0.012480068206787107,0.006240034104304503,gini,0.1,10,"{'criterion': 'gini', 'min_samples_split': 0.1, 'n_estimators': 10}",0.5974370304904993,0.5848431285903668,0.5943437914273089,0.5865193370165745,0.5938121546961326,0.5913910884441764,0.004852693523186871,18,0.6020881670533643,0.5967296431333554,0.6034139874047066,0.5999005689664696,0.6008948793017732,0.6006054491719338,0.002266664407169946,database_20
12.345861530303955,7.945861958516585,0.12168025970458984,0.08791551783879524,gini,0.1,100,"{'criterion': 'gini', 'min_samples_split': 0.1, 'n_estimators': 100}",0.5925762262483429,0.5810870525850641,0.5919133893062307,0.5878453038674033,0.5862983425414364,0.5879440629096955,0.0041701133967598425,23,0.5992155562921224,0.5976687658822231,0.5973373107943873,0.5960338065514004,0.5968623984974866,0.5974235676035239,0.0010512024011230835,database_20
83.11070594787597,1.7214854423208708,0.7768814086914062,0.07917683338775043,gini,0.1,1000,"{'criterion': 'gini', 'min_samples_split': 0.1, 'n_estimators': 1000}",0.5923552806009722,0.5835174547061422,0.5934600088378259,0.585414364640884,0.5898342541436464,0.5889162725858942,0.003865891854393162,22,0.5975030383383052,0.5974477958236659,0.5959562479284057,0.5963652433298349,0.5963652433298349,0.5967275137500093,0.000628899886297198,database_20
2.3462440490722662,0.4526265859465681,0.02496018409729004,0.01872007846855049,gini,0.01,10,"{'criterion': 'gini', 'min_samples_split': 0.01, 'n_estimators': 10}",0.6142288996906761,0.6237295625276182,0.6294741493592576,0.6218784530386741,0.6240883977900552,0.6226798924812562,0.0049256310308828,14,0.7179869627665452,0.7168268699591206,0.719202298088609,0.7143567364525217,0.7208197536319947,0.7178385241797582,0.0021870497193735767,database_20
16.35506863594055,3.5860470022577338,0.10296030044555664,0.018720054626464845,gini,0.01,100,"{'criterion': 'gini', 'min_samples_split': 0.01, 'n_estimators': 100}",0.6376491383119752,0.6305788775961113,0.6444984533804684,0.6320441988950276,0.6349171270718232,0.6359375590510812,0.004922060888492396,12,0.7411335764003978,0.7425698817810187,0.7432880344713292,0.7337457879909407,0.7419212285256588,0.7405317018338691,0.003466791346763393,database_20
171.7843816280365,43.79519750127903,0.9672017574310304,0.15156934715339085,gini,0.01,1000,"{'criterion': 'gini', 'min_samples_split': 0.01, 'n_estimators': 1000}",0.6460450729120636,0.6314626601855944,0.6478126380910296,0.634475138121547,0.6340331491712707,0.6387657316963011,0.006767225545538121,10,0.7393658159319412,0.7437852171030825,0.7479836482156668,0.7321990830249129,0.740374523559631,0.7407416575670468,0.005229015023812747,database_20
2.5864845275878907,1.718367006208317,0.015599966049194338,1.5078914929239175e-07,gini,0.001,10,"{'criterion': 'gini', 'min_samples_split': 0.001, 'n_estimators': 10}",0.6003093239063191,0.6087052585064074,0.6104728236853734,0.6057458563535911,0.5997790055248619,0.6050024535953106,0.004324308888488049,16,0.9385703237211358,0.9376312009722684,0.935090045298862,0.9360879412252112,0.934596475722256,0.9363951973879466,0.001502804536963779,database_20
28.357729816436766,21.853945636690487,0.19344038963317872,0.12187999910270922,gini,0.001,100,"{'criterion': 'gini', 'min_samples_split': 0.001, 'n_estimators': 100}",0.653557224922669,0.6431727794962441,0.6573133009279717,0.6587845303867403,0.6495027624309392,0.6524661196329128,0.005652533034258093,6,0.9935918683018452,0.9935918683018452,0.993812838360402,0.993426503894382,0.9939236590620341,0.993669347584102,0.00017677277317844608,database_20
171.7625417232513,1.720014545120101,1.5163226127624512,0.0917091765616286,gini,0.001,1000,"{'criterion': 'gini', 'min_samples_split': 0.001, 'n_estimators': 1000}",0.6626159964648697,0.652673442333186,0.6674768007070261,0.6629834254143646,0.6581215469613261,0.6607742423761545,0.005017102556224276,4,0.9959672964313336,0.9955805988288589,0.9960225389459728,0.9955808429542063,0.9960779981218584,0.9958458550564459,0.00021929335957987595,database_20
1.8470432758331297,0.061298368773750285,0.02184000015258789,0.007642449765811761,gini,0.0001,10,"{'criterion': 'gini', 'min_samples_split': 0.0001, 'n_estimators': 10}",0.5839593460008837,0.5850640742377375,0.5826336721166593,0.5767955801104973,0.5885082872928177,0.5833921919517191,0.0038309770491853404,24,0.989614407247818,0.9895591647331786,0.9906087725113248,0.9888416284593714,0.9898359387946748,0.9896919823492736,0.0005670957261325698,database_20
30.67901391983032,24.971449924169196,0.21528024673461915,0.13434157852306422,gini,0.0001,100,"{'criterion': 'gini', 'min_samples_split': 0.0001, 'n_estimators': 100}",0.6533362792752982,0.6528943879805568,0.6517896597437031,0.6561325966850828,0.6419889502762431,0.6512283747921768,0.0048363676413425,8,1.0,1.0,1.0,1.0,1.0,1.0,0.0,database_20
226.84311833381653,84.77551426261361,1.6692029953002934,0.1677274496565415,gini,0.0001,1000,"{'criterion': 'gini', 'min_samples_split': 0.0001, 'n_estimators': 1000}",0.6626159964648697,0.6577551922227132,0.6758727353071144,0.6625414364640884,0.6574585635359116,0.6632487847989396,0.006692848584030445,2,1.0,1.0,1.0,1.0,1.0,1.0,0.0,database_20
2.071683597564697,0.24732817075610825,0.009360074996948242,0.007642469232731191,entropy,0.1,10,"{'criterion': 'entropy', 'min_samples_split': 0.1, 'n_estimators': 10}",0.5961113566062749,0.5901458241272647,0.5877154220061864,0.5889502762430939,0.5909392265193371,0.5907724211004315,0.002884099009862537,19,0.6047398077560491,0.6104297867638935,0.5988288586896475,0.6048168811799151,0.5965309617190521,0.6030692592217114,0.004914318091438582,database_20
24.59500322341919,16.756487881615595,0.13728017807006834,0.10690286313008444,entropy,0.1,100,"{'criterion': 'entropy', 'min_samples_split': 0.1, 'n_estimators': 100}",0.5941228457799381,0.5835174547061422,0.5905877154220062,0.5869613259668508,0.5896132596685083,0.5889605203086892,0.003559415065704858,21,0.5981107059993371,0.5973925533090266,0.5965086730747984,0.5973043142020661,0.5970281168867039,0.5972688726943863,0.0005217476648310557,database_20
140.29728631973268,2.9780055676889425,0.6489613056182861,0.02116085161686241,entropy,0.1,1000,"{'criterion': 'entropy', 'min_samples_split': 0.1, 'n_estimators': 1000}",0.5932390631904552,0.5859478568272205,0.5930181175430844,0.5882872928176796,0.5916022099447514,0.5904189080646381,0.0028510857901745705,20,0.5984974036018119,0.5986631311457298,0.5981107059993371,0.6001767662818317,0.5975805115174281,0.5986057037092277,0.0008694028058029686,database_20
4.823528480529785,0.18962850288087085,0.015599966049194338,1.5078914929239175e-07,entropy,0.01,10,"{'criterion': 'entropy', 'min_samples_split': 0.01, 'n_estimators': 10}",0.6246133451171012,0.6224038886433937,0.6281484754750332,0.6209944751381216,0.6298342541436464,0.6251988877034591,0.0033471974827549967,13,0.7227930615401613,0.7242846094354215,0.7289249806651199,0.7220350218195879,0.7224216980610948,0.7240918743042771,0.0025338946051203155,database_20
48.56912522315979,35.96615961348168,0.20280036926269526,0.17538749649909038,entropy,0.01,100,"{'criterion': 'entropy', 'min_samples_split': 0.01, 'n_estimators': 100}",0.6400795404330535,0.6305788775961113,0.6427308882015025,0.6342541436464089,0.6333701657458564,0.6362027231245865,0.004496546086262624,11,0.7509667440061871,0.7534526571649541,0.757374875704342,0.7448489200684969,0.7513671767110424,0.7516020747310044,0.004069737252650025,database_20
295.47075905799863,49.66716386555973,1.09200177192688,0.3347287581239475,entropy,0.01,1000,"{'criterion': 'entropy', 'min_samples_split': 0.01, 'n_estimators': 1000}",0.6469288555015467,0.6338930623066725,0.6473707467962881,0.63646408839779,0.6375690607734806,0.6404451627551555,0.005604514642237533,9,0.7535631421942327,0.7529002320185615,0.7632858247707436,0.745125117383859,0.7554548969784014,0.7540658426691597,0.005804919748128222,database_20
3.4101659774780275,0.09846572827031487,0.01560015678405762,9.5367431640625e-08,entropy,0.001,10,"{'criterion': 'entropy', 'min_samples_split': 0.001, 'n_estimators': 10}",0.6016349977905435,0.6173221387538665,0.6283694211224039,0.6092817679558011,0.6174585635359116,0.6148133778317053,0.008959080385866472,15,0.9424372997458844,0.9412219644238206,0.9412772069384598,0.9410594929017291,0.9413356902170912,0.9414663308453972,0.0004941351013751591,database_20
33.02525811195373,0.3823758230413877,0.12168021202087402,0.011673818200465293,entropy,0.001,100,"{'criterion': 'entropy', 'min_samples_split': 0.001, 'n_estimators': 100}",0.6440565620857269,0.6438356164383562,0.6639416703490941,0.6605524861878453,0.6609944751381216,0.6546761620398287,0.008838498087938395,5,0.9941442934482376,0.9939785659043199,0.995028173682466,0.9935922222835994,0.99475225100812,0.9942991012653486,0.0005221642560578814,database_20
337.67819318771365,15.840821214175437,1.3072823524475097,0.1069029174051168,entropy,0.001,1000,"{'criterion': 'entropy', 'min_samples_split': 0.001, 'n_estimators': 1000}",0.6681396376491383,0.655324790101635,0.6643835616438356,0.6632044198895027,0.6570165745856353,0.6616137967739494,0.004763912997350321,3,0.9962435090045298,0.9961882664898908,0.9963539940338084,0.9958018008064962,0.9964094349002928,0.9961994010470034,0.00021362052926979732,database_20
3.4538460254669188,0.09895876549949027,0.015600061416625975,1.9073486328125e-07,entropy,0.0001,10,"{'criterion': 'entropy', 'min_samples_split': 0.0001, 'n_estimators': 10}",0.5910296067167476,0.5954485196641626,0.6031816173221387,0.587403314917127,0.5849723756906078,0.5924070868621568,0.006442839988008604,17,0.9897801347917358,0.9902220749088498,0.9896696497624572,0.9908854885930508,0.9903330939623268,0.990178088403684,0.00043433938180146864,database_20
34.897261238098146,0.3888131236876848,0.13728032112121585,0.006239938736872876,entropy,0.0001,100,"{'criterion': 'entropy', 'min_samples_split': 0.0001, 'n_estimators': 100}",0.6504639858594786,0.6475916924436589,0.653557224922669,0.6567955801104972,0.6506077348066298,0.6518032436285867,0.003129213640113605,7,1.0,1.0,1.0,1.0,1.0,1.0,0.0,database_20
299.7514064788818,3.6691237360536153,1.1169620513916017,0.0596892912558356,entropy,0.0001,1000,"{'criterion': 'entropy', 'min_samples_split': 0.0001, 'n_estimators': 1000}",0.6676977463543968,0.6650463985859478,0.6688024745912505,0.6647513812154696,0.6618784530386739,0.6656352907571478,0.0024300903785556363,1,1.0,1.0,1.0,1.0,1.0,1.0,0.0,database_20
